{
  "NumBeamPairs": 70,
  "numSampled": 14,
  "Ntest": 500,
  "K90_Neural": 13,
  "K95_Neural": 22,
  "acc_NN_at_K13": 90,
  "acc_KNN_at_K13": 37.8,
  "acc_NN_at_K30": 97.399999999999991,
  "overheadReduction_pct_at_K90": 81.428571428571431,
  "rsrp_optimal_dB": -22.974762671483681,
  "rsrp_NN_at_K13": -23.214763726590203,
  "rsrp_KNN_at_K13": -25.294751803327351,
  "trainTime_s": null,
  "hiddenWidth": 96,
  "maxEpochs": 300,
  "K": [
    1,
    2,
    3,
    4,
    5,
    6,
    7,
    8,
    9,
    10,
    11,
    12,
    13,
    14,
    15,
    16,
    17,
    18,
    19,
    20,
    21,
    22,
    23,
    24,
    25,
    26,
    27,
    28,
    29,
    30,
    31,
    32,
    33,
    34,
    35,
    36,
    37,
    38,
    39,
    40,
    41,
    42,
    43,
    44,
    45,
    46,
    47,
    48,
    49,
    50,
    51,
    52,
    53,
    54,
    55,
    56,
    57,
    58,
    59,
    60,
    61,
    62,
    63,
    64,
    65,
    66,
    67,
    68,
    69,
    70
  ],
  "accNeural": [
    26,
    43.4,
    55.2,
    66.2,
    72.399999999999991,
    75,
    77.8,
    81.399999999999991,
    83.8,
    86,
    88.6,
    89.8,
    90,
    91.600000000000009,
    92.2,
    92.4,
    92.600000000000009,
    93,
    93,
    94.399999999999991,
    94.8,
    95.399999999999991,
    96,
    96.2,
    96.8,
    97.2,
    97.2,
    97.399999999999991,
    97.399999999999991,
    97.399999999999991,
    97.6,
    98.2,
    98.2,
    98.6,
    98.6,
    98.6,
    98.8,
    98.8,
    98.8,
    98.8,
    98.8,
    99,
    99.2,
    99.2,
    99.2,
    99.2,
    99.2,
    99.6,
    99.6,
    99.6,
    99.8,
    99.8,
    99.8,
    99.8,
    99.8,
    99.8,
    99.8,
    99.8,
    99.8,
    99.8,
    99.8,
    99.8,
    99.8,
    99.8,
    100,
    100,
    100,
    100,
    100,
    100
  ],
  "accKNN": [
    4.6,
    10.4,
    14.2,
    18.4,
    21.8,
    24.6,
    26,
    28.599999999999998,
    29.799999999999997,
    31.8,
    34.599999999999994,
    36,
    37.8,
    40.2,
    42,
    43,
    44,
    46,
    47.8,
    48.6,
    49.2,
    50.4,
    50.8,
    51.6,
    52,
    53.2,
    53.6,
    54.800000000000004,
    55.2,
    56.2,
    56.599999999999994,
    56.999999999999993,
    57.4,
    57.8,
    58.199999999999996,
    58.599999999999994,
    59.199999999999996,
    59.4,
    60.4,
    61.199999999999996,
    62,
    62.6,
    63.4,
    63.4,
    63.800000000000004,
    64,
    64.2,
    64.600000000000009,
    64.8,
    65.600000000000009,
    66,
    66.4,
    67,
    67.4,
    67.600000000000009,
    67.800000000000011,
    67.800000000000011,
    67.800000000000011,
    68.4,
    68.4,
    68.4,
    68.600000000000009,
    69.6,
    70,
    70.199999999999989,
    70.399999999999991,
    71,
    71.6,
    71.8,
    72.2
  ],
  "accStatistic": [
    3.5999999999999996,
    7.1999999999999993,
    10.6,
    13.8,
    16.8,
    19.6,
    22.400000000000002,
    25.2,
    27.800000000000004,
    30.4,
    33,
    35.4,
    37.8,
    40.2,
    42.6,
    45,
    47.199999999999996,
    49.4,
    51.6,
    53.6,
    55.600000000000009,
    57.599999999999994,
    59.599999999999994,
    61.6,
    63.4,
    65.2,
    67,
    68.8,
    70.6,
    72.2,
    73.8,
    75.4,
    76.8,
    78.2,
    79.4,
    80.600000000000009,
    81.8,
    83,
    84.2,
    85.399999999999991,
    86.4,
    87.4,
    88.4,
    89.4,
    90.2,
    91,
    91.8,
    92.600000000000009,
    93.4,
    94,
    94.6,
    95.199999999999989,
    95.8,
    96.399999999999991,
    97,
    97.6,
    98,
    98.4,
    98.8,
    99.2,
    99.4,
    99.6,
    99.8,
    100,
    100,
    100,
    100,
    100,
    100,
    100
  ],
  "accRandom": [
    2,
    3.4000000000000004,
    5.6000000000000005,
    7.1999999999999993,
    8.7999999999999989,
    9.4,
    10.8,
    13,
    15,
    15.8,
    17,
    18.8,
    20.599999999999998,
    21.6,
    23.200000000000003,
    24.8,
    26.200000000000003,
    27.800000000000004,
    28.599999999999998,
    30,
    31.6,
    32.4,
    33.2,
    34.599999999999994,
    35.6,
    37.8,
    38.2,
    40,
    41,
    42,
    44.2,
    44.800000000000004,
    45.800000000000004,
    47,
    49.2,
    51,
    53.800000000000004,
    55.600000000000009,
    56.2,
    56.2,
    57.999999999999993,
    59.199999999999996,
    61,
    62.4,
    63.4,
    66,
    68.2,
    69.6,
    70.8,
    72.2,
    74.4,
    75.2,
    76.4,
    78.8,
    80,
    82,
    83.2,
    84.2,
    85.6,
    87.2,
    88.4,
    89.600000000000009,
    91.2,
    92.4,
    93.2,
    94.199999999999989,
    95.6,
    97,
    98.4,
    100
  ],
  "rsrpNeural": [
    -26.122107583165167,
    -25.073828500384465,
    -24.4832648725193,
    -23.994886700956151,
    -23.816630294648931,
    -23.705365392563866,
    -23.603151382802054,
    -23.521113053677603,
    -23.408505844471975,
    -23.313413153050469,
    -23.255565511105583,
    -23.229227731106803,
    -23.214763726590203,
    -23.160767420409247,
    -23.140914924262091,
    -23.12910820829682,
    -23.112869448093697,
    -23.107099798588081,
    -23.106348581699656,
    -23.08973371353559,
    -23.083449751285837,
    -23.064337953953071,
    -23.058919084934519,
    -23.055920339969919,
    -23.045231337560342,
    -23.034917731298133,
    -23.034917731298133,
    -23.025648268712686,
    -23.025648268712686,
    -23.025648268712686,
    -23.0227297201287,
    -23.013201244367288,
    -23.013201244367288,
    -22.998092516912148,
    -22.992219393743202,
    -22.992219393743202,
    -22.989413760198282,
    -22.989413760198282,
    -22.989413760198282,
    -22.989413760198282,
    -22.989413760198282,
    -22.987396349919958,
    -22.984942259801553,
    -22.984942259801553,
    -22.981720213903113,
    -22.981720213903113,
    -22.981720213903113,
    -22.981720213903113,
    -22.981720213903113,
    -22.981720213903113,
    -22.979625632299111,
    -22.979625632299111,
    -22.979625632299111,
    -22.979625632299111,
    -22.979625632299111,
    -22.979625632299111,
    -22.979625632299111,
    -22.979625632299111,
    -22.979625632299111,
    -22.979625632299111,
    -22.979625632299111,
    -22.976315268529579,
    -22.976315268529579,
    -22.976315268529579,
    -22.974762671483681,
    -22.974762671483681,
    -22.974762671483681,
    -22.974762671483681,
    -22.974762671483681,
    -22.974762671483681
  ],