{
  "blevels": [
    0,
    1,
    2,
    3,
    4,
    5,
    6,
    7,
    8,
    9,
    10,
    11,
    12
  ],
  "accRSRP": [
    89.2,
    86.88,
    84.600000000000009,
    81.2,
    78.12,
    74.26,
    69.8,
    63.600000000000009,
    55.959999999999994,
    46.4,
    35.860000000000007,
    27.78,
    22.28
  ],
  "accFusion": [
    89.399999999999991,
    86.399999999999991,
    83.54,
    80.58,
    78.72,
    76.48,
    72.06,
    66.039999999999992,
    57.94,
    49.56,
    39.68,
    31.599999999999998,
    24.86
  ],
  "rsrpRSRP": [
    -23.227920959828413,
    -23.326086843637754,
    -23.406688380873945,
    -23.549921037593855,
    -23.6822439312648,
    -23.882588280521148,
    -24.106360770152513,
    -24.478953416113367,
    -25.077386448556741,
    -25.8571759865744,
    -27.204894284824096,
    -28.255527555510778,
    -28.610501672382462
  ],
  "rsrpFusion": [
    -23.213275249628357,
    -23.301139787694439,
    -23.396913018931635,
    -23.500497042600436,
    -23.589953170995042,
    -23.682905650615318,
    -23.838165437924491,
    -24.083209298970921,
    -24.520086385978576,
    -25.09915424606297,
    -25.947584558492341,
    -26.79532919820808,
    -27.45275331645291
  ],
  "gateMean": [
    0.78364944458007812,
    0.78375226259231567,
    0.78383421897888184,
    0.78392595052719116,
    0.78403365612030029,
    0.784150242805481,
    0.78426730632781982,
    0.78436410427093506,
    0.78445523977279663,
    0.784525990486145,
    0.78455573320388794,
    0.78457498550415039,
    0.784599781036377
  ],
  "accKNN13": 37.8,
  "rsrpKNN13": -25.294751803327351,
  "rsrpOpt": -22.974762671483681,
  "K": 13,
  "repLevel": 8,
  "acc_clean_RSRP": 89.2,
  "acc_clean_Fusion": 89.399999999999991
}