{
  "blevels": [
    0,
    1,
    2,
    3,
    4,
    5,
    6,
    7,
    8,
    9,
    10,
    11,
    12
  ],
  "K": 13,
  "nrep": 10,
  "repLevel": 8,
  "accRSRP": [
    89.200000000000017,
    86.879999999999981,
    84.6,
    81.199999999999989,
    78.11999999999999,
    74.26,
    69.8,
    63.6,
    55.959999999999994,
    46.4,
    35.86,
    27.78,
    22.28
  ],
  "accRSRP_std": [
    1.4979556132593925E-14,
    0.83373323737938465,
    1.1195237082497806,
    1.0873004286866725,
    2.1852027620134296,
    1.5550634142124933,
    1.5143755588800711,
    2.5210227201585385,
    1.5826840774105519,
    1.5347819244295122,
    2.3721532646756,
    1.399841260841941,
    0.85997415981851155
  ],
  "accFusion": [
    89.399999999999991,
    86.4,
    83.539999999999992,
    80.58,
    78.72,
    76.48,
    72.06,
    66.039999999999992,
    57.94,
    49.56,
    39.679999999999993,
    31.599999999999994,
    24.860000000000003
  ],
  "accFusion_std": [
    1.4979556132593925E-14,
    1.0284832413694338,
    0.98002267547462707,
    1.2090400232323895,
    1.0674996747332306,
    1.0962562555250377,
    1.6814015317915938,
    2.5902380842952115,
    1.9551641022345585,
    1.1067469850371803,
    1.7132165978390215,
    1.9866219234335123,
    1.4485241531373312
  ],
  "rsrpRSRP": [
    -23.22792095982842,
    -23.32608684363775,
    -23.406688380873952,
    -23.549921037593855,
    -23.682243931264807,
    -23.882588280521151,
    -24.106360770152513,
    -24.47895341611337,
    -25.077386448556744,
    -25.857175986574408,
    -27.204894284824093,
    -28.255527555510774,
    -28.610501672382469
  ],
  "rsrpRSRP_std": [
    0,
    0.038367021062611847,
    0.047319155689995306,
    0.097236647115469,
    0.0859413344993719,
    0.037561509525516235,
    0.096272511672668454,
    0.19115430886873094,
    0.10343185523510454,
    0.15411999493478995,
    0.2661339480971649,
    0.16290783050387697,
    0.24182593603527605
  ],
  "rsrpFusion": [
    -23.213275249628346,
    -23.301139787694439,
    -23.396913018931635,
    -23.500497042600436,
    -23.589953170995042,
    -23.682905650615321,
    -23.838165437924491,
    -24.083209298970921,
    -24.520086385978566,
    -25.099154246062973,
    -25.947584558492338,
    -26.795329198208076,
    -27.45275331645292
  ],
  "rsrpFusion_std": [
    3.7448890331484813E-15,
    0.034085812687803849,
    0.054269544053977367,
    0.10083749127128964,
    0.058750576378842539,
    0.042579851228527289,
    0.062952515972573647,
    0.14181185839922378,
    0.1531695140283901,
    0.11894072451778097,
    0.27543521521419034,
    0.16425447568130092,
    0.23875232461067231
  ],
  "gateMean": [
    0.78364938497543335,
    0.78375221490859981,
    0.78383423686027531,
    0.78392591476440432,
    0.78403368592262268,
    0.78415022492408748,
    0.78426730632781982,
    0.78436414599418636,
    0.78445519804954533,
    0.78452606201171871,
    0.78455570340156555,
    0.784574955701828,
    0.784599757194519
  ],
  "accKNN13": 37.8,
  "rsrpKNN13": -25.294751803327351,
  "rsrpOpt": -22.974762671483681,
  "accConcat": [
    84.399999999999991,
    82.72,
    80.34,
    78.11999999999999,
    75.260000000000019,
    73.199999999999989,
    69.68,
    65.3,
    59.839999999999996,
    53.2,
    45.88,
    37.96,
    29.1
  ],
  "accConcat_std": [
    1.4979556132593925E-14,
    0.98070269591644321,
    1.1393955512561136,
    1.1477514248883938,
    0.92400096200045834,
    1.0241527663824805,
    1.6923356641044951,
    2.8554042329122731,
    1.5167216107263881,
    1.5463218006324264,
    1.2263767773404717,
    1.3688600285557966,
    1.1935009193312098
  ],
  "accResidual": [
    88,
    85.359999999999985,
    83.22,
    80.559999999999988,
    78.72,
    75.64,
    71.659999999999982,
    65.319999999999979,
    57.980000000000004,
    49.980000000000004,
    39.720000000000013,
    31.940000000000005,
    24.959999999999997
  ],
  "accResidual_std": [
    0,
    0.97888825829214055,
    1.0347302385968369,
    1.2176480060619597,
    1.1043348928452612,
    1.110755498648456,
    1.8038231004668321,
    2.496575432244915,
    2.0557777657670653,
    1.2416834450767951,
    1.7768886665554868,
    1.7614388058251311,
    1.3558105406811904
  ],
  "acc_clean_RSRP": 89.200000000000017,
  "acc_clean_Fusion": 89.399999999999991
}