{
  "seeds": [
    1,
    2,
    3,
    4,
    5
  ],
  "blevels": [
    0,
    1,
    2,
    3,
    4,
    5,
    6,
    7,
    8,
    9,
    10,
    11,
    12
  ],
  "K": 13,
  "nrep": 10,
  "nseeds": 5,
  "accB_seed": [
    [
      89.200000000000017,
      86.879999999999981,
      84.6,
      81.199999999999989,
      78.11999999999999,
      74.26,
      69.8,
      63.6,
      55.959999999999994,
      46.4,
      35.86,
      27.78,
      22.28
    ],
    [
      89,
      86.86,
      84.4,
      81.08,
      77.68,
      73.740000000000009,
      69.74,
      62.9,
      56.54,
      46.92,
      36.58,
      28.3,
      22.58
    ],
    [
      87.399999999999991,
      86.02000000000001,
      83.08,
      80.14,
      76.98,
      73.52000000000001,
      68.240000000000009,
      61.720000000000006,
      55.7,
      46.8,
      35.959999999999994,
      28.6,
      23.119999999999997
    ],
    [
      89.399999999999991,
      87.1,
      84.52000000000001,
      81.419999999999987,
      78.060000000000016,
      73.9,
      69.2,
      62.56,
      56.11999999999999,
      47.32,
      35.92,
      28.240000000000002,
      22.44
    ],
    [
      88.399999999999991,
      86.18,
      84.259999999999991,
      80.76,
      77.580000000000013,
      73.799999999999983,
      69.3,
      62.3,
      55.44,
      46.68,
      36.739999999999995,
      28.74,
      22.54
    ]
  ],
  "accF_seed": [
    [
      89.399999999999991,
      86.4,
      83.539999999999992,
      80.58,
      78.72,
      76.48,
      72.06,
      66.039999999999992,
      57.94,
      49.56,
      39.679999999999993,
      31.599999999999994,
      24.860000000000003
    ],
    [
      88.600000000000009,
      86.000000000000014,
      82.919999999999987,
      79.9,
      77.56,
      74.9,
      71.320000000000022,
      65.12,
      57.7,
      49.279999999999987,
      38.899999999999991,
      31.640000000000004,
      25
    ],
    [
      88.600000000000009,
      85.919999999999987,
      83.299999999999983,
      80.320000000000007,
      78.9,
      75.820000000000022,
      71.72,
      65.639999999999986,
      58.379999999999995,
      50.320000000000007,
      39.5,
      31.559999999999995,
      25.36
    ],
    [
      89.200000000000017,
      86.32,
      83.5,
      80.4,
      78.64,
      75.7,
      71.86,
      65.7,
      58.58,
      49.679999999999993,
      39.459999999999994,
      31.859999999999996,
      25.36
    ],
    [
      89,
      85.94,
      82.779999999999987,
      79.679999999999993,
      78.440000000000012,
      75.64,
      71.82,
      65.440000000000012,
      58.660000000000004,
      49.98,
      39.76,
      31.9,
      25.5
    ]
  ],
  "gain_seed": [
    [
      0.19999999999997442,
      -0.47999999999997556,
      -1.0600000000000023,
      -0.61999999999999034,
      0.60000000000000853,
      2.2199999999999989,
      2.2600000000000051,
      2.4399999999999906,
      1.980000000000004,
      3.1600000000000037,
      3.8199999999999932,
      3.8199999999999932,
      2.5800000000000018
    ],
    [
      -0.39999999999999147,
      -0.85999999999998522,
      -1.4800000000000182,
      -1.1799999999999926,
      -0.12000000000000455,
      1.1599999999999966,
      1.5800000000000267,
      2.220000000000006,
      1.1600000000000037,
      2.3599999999999852,
      2.3199999999999932,
      3.3400000000000034,
      2.4200000000000017
    ],
    [
      1.2000000000000171,
      -0.10000000000002274,
      0.21999999999998465,
      0.18000000000000682,
      1.9200000000000017,
      2.3000000000000114,
      3.4799999999999898,
      3.9199999999999804,
      2.6799999999999926,
      3.5200000000000102,
      3.5400000000000063,
      2.9599999999999937,
      2.240000000000002
    ],
    [
      -0.19999999999997442,
      -0.78000000000000114,
      -1.0200000000000102,
      -1.0199999999999818,
      0.57999999999998408,
      1.7999999999999972,
      2.6599999999999966,
      3.1400000000000006,
      2.460000000000008,
      2.3599999999999923,
      3.539999999999992,
      3.6199999999999939,
      2.9199999999999982
    ],
    [
      0.60000000000000853,
      -0.24000000000000909,
      -1.480000000000004,
      -1.0800000000000125,
      0.85999999999999943,
      1.8400000000000176,
      2.519999999999996,
      3.1400000000000148,
      3.220000000000006,
      3.2999999999999972,
      3.0200000000000031,
      3.16,
      2.9600000000000009
    ]
  ],
  "accB_mean": [
    88.679999999999993,
    86.608,
    84.172,
    80.919999999999987,
    77.684000000000012,
    73.844000000000008,
    69.256,
    62.616,
    55.952,
    46.824,
    36.212,
    28.332000000000004,
    22.591999999999995
  ],
  "accB_sd": [
    0.807465169527459,
    0.47657108598822012,
    0.62379483806777514,
    0.49699094559156159,
    0.45768985131855278,
    0.2710719461692771,
    0.62600319488002076,
    0.69905650701498956,
    0.41823438404798707,
    0.33775730932135356,
    0.414391119595967,
    0.37164499189414552,
    0.31704889212864168
  ],
  "accF_mean": [
    88.960000000000008,
    86.116000000000014,
    83.208,
    80.176000000000016,
    78.452,
    75.708,
    71.756,
    65.588,
    58.251999999999995,
    49.763999999999996,
    39.459999999999994,
    31.711999999999996,
    25.216
  ],
  "accF_sd": [
    0.3577708763999623,
    0.22645087767549216,
    0.34281190177705689,
    0.37293431056957183,
    0.5252808772456885,
    0.56260110202522751,
    0.27327641683832765,
    0.33929338337196624,
    0.41607691596626667,
    0.39959979979975585,
    0.33674916480965661,
    0.15658863304850737,
    0.27180875629751039
  ],
  "gain_mean": [
    0.2800000000000068,
    -0.49199999999999877,
    -0.96400000000001,
    -0.74399999999999411,
    0.7679999999999978,
    1.8640000000000043,
    2.5000000000000027,
    2.9719999999999986,
    2.3000000000000029,
    2.9399999999999977,
    3.2479999999999976,
    3.3799999999999968,
    2.624000000000001
  ],
  "gain_sd": [
    0.64187226143524945,
    0.33003030163909491,
    0.6976245408527405,
    0.5586412086482716,
    0.73954039781475345,
    0.4519734505477101,
    0.68745908969187519,
    0.67150577063789429,
    0.77756028705174962,
    0.5447935388750581,
    0.59390234887563842,
    0.34554305086341841,
    0.31285779517218243
  ]
}